{
	"__comment": "Designed by Sixfootblue with Cubik Studio - https://cubik.studio",
	"textures": {
		"particle": "./dresseracacia03",
		"texture": "./dresseracacia03"
	},
	"elements": [ 	 
		{
			"__comment": "Box1",
			"from": [ -8, 2, 0 ],
			"to": [ 24, 14, 16 ],
			"faces": {
				"down": { "uv": [ 2.375, 5.5, 6.375, 7.5 ], "texture": "#texture" },
				"up": { "uv": [ 2.375, 5.5, 6.375, 7.5 ], "texture": "#texture" },
				"north": { "uv": [ 8.375, 7.5, 12.375, 9 ], "texture": "#texture" },
				"south": { "uv": [ 2.375, 7.5, 6.375, 9 ], "texture": "#texture" },
				"west": { "uv": [ 0.375, 7.5, 2.375, 9 ], "texture": "#texture" },
				"east": { "uv": [ 6.375, 7.5, 8.375, 9 ], "texture": "#texture" }
			}
		},
		{
			"__comment": "Box2",
			"from": [ -9, 14, -1 ],
			"to": [ 25, 16, 17 ],
			"faces": {
				"down": { "uv": [ 6.5, 0, 10.75, 2.25 ], "texture": "#texture" },
				"up": { "uv": [ 2.25, 0, 6.5, 2.25 ], "texture": "#texture" },
				"north": { "uv": [ 8.750001, 2.25, 13, 2.5 ], "texture": "#texture" },
				"south": { "uv": [ 2.25, 2.25, 6.5, 2.5 ], "texture": "#texture" },
				"west": { "uv": [ 0, 2.25, 2.25, 2.5 ], "texture": "#texture" },
				"east": { "uv": [ 6.5, 2.25, 8.75, 2.5 ], "texture": "#texture" }
			}
		},
		{
			"__comment": "Box2",
			"from": [ -9, 0, -1 ],
			"to": [ 25, 2, 17 ],
			"faces": {
				"down": { "uv": [ 6.5, 2.625, 10.75, 4.875 ], "texture": "#texture" },
				"up": { "uv": [ 2.25, 2.625, 6.5, 4.875 ], "texture": "#texture" },
				"north": { "uv": [ 8.750001, 4.875, 13, 5.125 ], "texture": "#texture" },
				"south": { "uv": [ 2.25, 4.875, 6.499999, 5.125 ], "texture": "#texture" },
				"west": { "uv": [ 0, 4.875, 2.25, 5.125 ], "texture": "#texture" },
				"east": { "uv": [ 6.5, 4.875, 8.75, 5.125 ], "texture": "#texture" }
			}
		},
		{
			"__comment": "Box4",
			"from": [ -6, 2, 16 ],
			"to": [ 22, 14, 17 ],
			"faces": {
				"down": { "uv": [ 2.625, 8.875, 6.125, 9 ], "texture": "#texture" },
				"up": { "uv": [ 2.625, 7.5, 6.125, 7.625 ], "texture": "#texture" },
				"north": { "uv": [ 2.625, 7.5, 6.125, 9 ], "texture": "#texture" },
				"south": { "uv": [ 2.625, 7.5, 6.125, 9 ], "texture": "#texture" },
				"west": { "uv": [ 2.625, 7.5, 2.75, 9 ], "texture": "#texture" },
				"east": { "uv": [ 6, 7.5, 6.125, 9 ], "texture": "#texture" }
			}
		}
	],
	"display": {
		"thirdperson_righthand": {
			"rotation":  [ 75, 45, 0 ],
			"translation":  [ 0, 2.5, 0 ],
			"scale":  [ 0.375, 0.375, 0.375 ]
		},
		"thirdperson_lefthand": {
			"rotation":  [ 75, 45, 0 ],
			"translation":  [ 0, 2.5, 0 ],
			"scale":  [ 0.375, 0.375, 0.375 ]
		},
		"firstperson_righthand": {
			"rotation":  [ 0, 45, 0 ],
			"scale":  [ 0.4, 0.4, 0.4 ]
		},
		"firstperson_lefthand": {
			"rotation":  [ 0, 45, 0 ],
			"scale":  [ 0.4, 0.4, 0.4 ]
		},
		"gui": {
			"rotation":  [ 30, 45, 0 ],
			"scale":  [ 0.5, 0.5, 0.5 ]
		},
		"head": {
			"rotation":  [ 0, 180, 0 ]
		},
		"ground": {
			"translation":  [ 0, 2, 0 ],
			"scale":  [ 0.5, 0.5, 0.5 ]
		},
		"fixed": {
			"rotation":  [ 0, 180, 0 ],
			"translation":  [ 16, 0, 18 ],
			"scale":  [ 2.01, 2.01, 2.01 ]
		}
	}
}