{
	"__comment": "Designed by Sixfootblue with Cubik Studio - https://cubik.studio",
	"textures": {
		"particle": "./standinglamp04",
		"texture": "./standinglamp04"
	},
	"elements": [ 	 
		{
			"__comment": "Base",
			"from": [ 4, -16, 4 ],
			"to": [ 12, -15, 12 ],
			"faces": {
				"down": { "uv": [ 2, 2.5, 4, 4.5 ], "texture": "#texture" },
				"up": { "uv": [ 0, 2.5, 2, 4.5 ], "texture": "#texture" },
				"north": { "uv": [ 0, 15.75, 2, 16 ], "texture": "#texture" },
				"south": { "uv": [ 0, 15.75, 2, 16 ], "texture": "#texture" },
				"west": { "uv": [ 0, 15.75, 2, 16 ], "texture": "#texture" },
				"east": { "uv": [ 0, 15.75, 2, 16 ], "texture": "#texture" }
			}
		},
		{
			"__comment": "Neck",
			"from": [ 7, -15, 7 ],
			"to": [ 9, 16, 9 ],
			"faces": {
				"down": { "uv": [ 2.75, 3.25, 3.25, 3.75 ], "texture": "#texture" },
				"up": { "uv": [ 0.75, 3.25, 1.25, 3.75 ], "texture": "#texture" },
				"north": { "uv": [ 0.75, 8, 1.25, 15.75 ], "texture": "#texture" },
				"south": { "uv": [ 0.75, 8, 1.25, 15.75 ], "texture": "#texture" },
				"west": { "uv": [ 0.75, 8, 1.25, 15.75 ], "texture": "#texture" },
				"east": { "uv": [ 0.75, 8, 1.25, 15.75 ], "texture": "#texture" }
			}
		},
		{
			"__comment": "wire1",
			"from": [ 14, 7, 2 ],
			"to": [ 14.001, 21, 18.97 ],
			"rotation": { "origin": [ 14, 7, 2 ], "axis": "y", "angle": -45 },
			"faces": {
				"west": { "uv": [ 2.75, 8.25, 5.75, 11.75 ], "texture": "#texture" },
				"east": { "uv": [ 2.75, 8.25, 5.75, 11.75 ], "texture": "#texture" }
			}
		},
		{
			"__comment": "wire1",
			"from": [ 2, 7, 2 ],
			"to": [ 2.001, 21, 18.97 ],
			"rotation": { "origin": [ 2, 7, 2 ], "axis": "y", "angle": 45 },
			"faces": {
				"west": { "uv": [ 2.75, 8.25, 5.75, 11.75 ], "texture": "#texture" },
				"east": { "uv": [ 2.75, 8.25, 5.75, 11.75 ], "texture": "#texture" }
			}
		},
		{
			"__comment": "PlaneX6",
			"from": [ 14, 6, 2 ],
			"to": [ 14.001, 21, 14 ],
			"faces": {
				"west": { "uv": [ 4, 3, 7, 6.75 ], "texture": "#texture" },
				"east": { "uv": [ 4, 3, 7, 6.75 ], "texture": "#texture" }
			}
		},
		{
			"__comment": "PlaneY9",
			"from": [ 2, 21, 2 ],
			"to": [ 14, 21.001, 14 ],
			"faces": {
				"down": { "uv": [ 4, 0, 7, 3 ], "texture": "#texture" },
				"up": { "uv": [ 4, 0, 7, 3 ], "texture": "#texture" }
			}
		},
		{
			"__comment": "PlaneY9",
			"from": [ 2, 6, 2 ],
			"to": [ 14, 6.001, 14 ],
			"faces": {
				"down": { "uv": [ 7, 0, 10, 3 ], "texture": "#texture" },
				"up": { "uv": [ 7, 0, 10, 3 ], "texture": "#texture" }
			}
		},
		{
			"__comment": "PlaneX6",
			"from": [ 2, 6, 2 ],
			"to": [ 2.001, 21, 14 ],
			"faces": {
				"west": { "uv": [ 4, 3, 7, 6.75 ], "texture": "#texture" },
				"east": { "uv": [ 4, 3, 7, 6.75 ], "texture": "#texture" }
			}
		},
		{
			"__comment": "PlaneZ9",
			"from": [ 2, 6, 14 ],
			"to": [ 14, 21, 14.001 ],
			"faces": {
				"north": { "uv": [ 4, 3, 7, 6.75 ], "texture": "#texture" },
				"south": { "uv": [ 4, 3, 7, 6.75 ], "texture": "#texture" }
			}
		},
		{
			"__comment": "PlaneZ9",
			"from": [ 2, 6, 2 ],
			"to": [ 14, 21, 2.001 ],
			"faces": {
				"north": { "uv": [ 4, 3, 7, 6.75 ], "texture": "#texture" },
				"south": { "uv": [ 4, 3, 7, 6.75 ], "texture": "#texture" }
			}
		}
	],
	"display": {
		"thirdperson_righthand": {
			"rotation":  [ 75, 45, 0 ],
			"translation":  [ 0, 2.5, 0 ],
			"scale":  [ 0.375, 0.375, 0.375 ]
		},
		"thirdperson_lefthand": {
			"rotation":  [ 75, 45, 0 ],
			"translation":  [ 0, 2.5, 0 ],
			"scale":  [ 0.375, 0.375, 0.375 ]
		},
		"firstperson_righthand": {
			"rotation":  [ 0, 45, 0 ],
			"scale":  [ 0.4, 0.4, 0.4 ]
		},
		"firstperson_lefthand": {
			"rotation":  [ 0, 45, 0 ],
			"scale":  [ 0.4, 0.4, 0.4 ]
		},
		"gui": {
			"rotation":  [ 30, 45, 0 ],
			"translation":  [ 0, 2, 0 ],
			"scale":  [ 0.5, 0.5, 0.5 ]
		},
		"ground": {
			"translation":  [ 0, 10, 0 ],
			"scale":  [ 0.5, 0.5, 0.5 ]
		},
		"fixed": {
			"rotation":  [ 0, 180, 0 ],
			"translation":  [ 0, 0.3, -14 ],
			"scale":  [ 2.01, 2.01, 2.01 ]
		}
	}
}