{
	"__comment": "Designed by Sixfootblue with Cubik Studio - https://cubik.studio",
	"textures": {
		"particle": "./deskacacia04",
		"texture": "./deskacacia04"
	},
	"elements": [
		{
			"__comment": "top",
			"from": [ -16, 12.96, 0 ],
			"to": [ 16, 16, 16 ],
			"faces": {
				"down": { "uv": [ 6, 0, 10, 2 ], "texture": "#texture" },
				"up": { "uv": [ 2, 0, 6, 2 ], "texture": "#texture" },
				"north": { "uv": [ 8, 2, 12, 2.375 ], "texture": "#texture" },
				"south": { "uv": [ 2, 2, 6, 2.375 ], "texture": "#texture" },
				"west": { "uv": [ 0, 2, 2, 2.375 ], "texture": "#texture" },
				"east": { "uv": [ 6, 2, 8, 2.375 ], "texture": "#texture" }
			}
		},
		{
			"__comment": "side",
			"from": [ -16, 0, 0 ],
			"to": [ -14, 12.96, 16 ],
			"faces": {
				"down": { "uv": [ 6, 0, 6.25, 2 ], "texture": "#texture" },
				"up": { "uv": [ 0, 0, 2, 16 ], "texture": "#texture" },
				"north": { "uv": [ 11.75, 2.375, 12, 4 ], "texture": "#texture" },
				"south": { "uv": [ 2, 2.375, 2.25, 4 ], "texture": "#texture" },
				"west": { "uv": [ 0, 2.375, 2, 4 ], "texture": "#texture" },
				"east": { "uv": [ 6, 2.375, 8, 4 ], "texture": "#texture" }
			}
		},
		{
			"__comment": "body",
			"from": [ 0, 0, 0 ],
			"to": [ 16, 12.96, 16 ],
			"faces": {
				"down": { "uv": [ 0, 0, 2, 16 ], "texture": "#texture" },
				"up": { "uv": [ 0, 0, 2, 16 ], "texture": "#texture" },
				"north": { "uv": [ 8.000001, 2.375, 10, 4 ], "texture": "#texture" },
				"south": { "uv": [ 4, 2.375, 6, 4 ], "texture": "#texture" },
				"west": { "uv": [ 0, 2.375, 2, 4 ], "texture": "#texture" },
				"east": { "uv": [ 6, 2.375, 8, 4 ], "texture": "#texture" }
			}
		},
		{
			"__comment": "drawer",
			"from": [ 1, 2, 16 ],
			"to": [ 15, 14, 17 ],
			"faces": {
				"down": { "uv": [ 4.125, 3.625, 5.875, 3.75 ], "texture": "#texture" },
				"up": { "uv": [ 4.125, 2.25, 5.875, 2.375 ], "texture": "#texture" },
				"north": { "uv": [ 4.125, 2.25, 5.875, 3.75 ], "texture": "#texture" },
				"south": { "uv": [ 4.125, 2.25, 5.875, 3.75 ], "texture": "#texture" },
				"west": { "uv": [ 4.125, 2.25, 4.25, 3.75 ], "texture": "#texture" },
				"east": { "uv": [ 5.75, 2.25, 5.875, 3.75 ], "texture": "#texture" }
			}
		}
	],
	"display": {
		"thirdperson_righthand": {
			"rotation":  [ 75, 45, 0 ],
			"translation":  [ 0, 2.5, 0 ],
			"scale":  [ 0.375, 0.375, 0.375 ]
		},
		"thirdperson_lefthand": {
			"rotation":  [ 75, 45, 0 ],
			"translation":  [ 0, 2.5, 0 ],
			"scale":  [ 0.375, 0.375, 0.375 ]
		},
		"firstperson_righthand": {
			"rotation":  [ 0, 45, 0 ],
			"scale":  [ 0.4, 0.4, 0.4 ]
		},
		"firstperson_lefthand": {
			"rotation":  [ 0, 45, 0 ],
			"scale":  [ 0.4, 0.4, 0.4 ]
		},
		"gui": {
			"rotation":  [ 30, 45, 0 ],
			"translation":  [ 3.5, 1, 0 ],
			"scale":  [ 0.625, 0.625, 0.625 ]
		},
		"head": {
			"rotation":  [ 0, 180, 0 ]
		},
		"ground": {
			"translation":  [ 4, 2, 0 ],
			"scale":  [ 0.5, 0.5, 0.5 ]
		},
		"fixed": {
			"rotation":  [ 0, 180, 0 ],
			"translation":  [ 0, 0, 18 ],
			"scale":  [ 2.01, 2.01, 2.01 ]
		}
	}
}