{
	"__comment": "Designed by Sixfootblue with Cubik Studio - https://cubik.studio",
	"textures": {
		"particle": "./paperlantern00",
		"texture": "./paperlantern00"
	},
	"elements": [
		{
			"__comment": "Box1",
			"from": [ 0, 0, 0 ],
			"to": [ 16, 16, 16 ],
			"faces": {
				"down": { "uv": [ 0.25, 0.25, 4.25, 4.25 ], "texture": "#texture" },
				"up": { "uv": [ 0.25, 0.25, 4.25, 4.25 ], "texture": "#texture" },
				"north": { "uv": [ 0.25, 4.75, 4.25, 8.75 ], "texture": "#texture" },
				"south": { "uv": [ 0.25, 4.75, 4.25, 8.75 ], "texture": "#texture" },
				"west": { "uv": [ 0.25, 4.75, 4.25, 8.75 ], "texture": "#texture" },
				"east": { "uv": [ 0.25, 4.75, 4.25, 8.75 ], "texture": "#texture" }
			}
		},
		{
			"__comment": "Box2",
			"from": [ 2, 2, -1 ],
			"to": [ 14, 14, 17 ],
			"faces": {
				"down": { "uv": [ 0.75, 0, 3.75, 4.5 ], "texture": "#texture" },
				"up": { "uv": [ 0.75, 0, 3.75, 4.5 ], "texture": "#texture" },
				"north": { "uv": [ 0.75, 5.25, 3.75, 8.25 ], "texture": "#texture" },
				"south": { "uv": [ 0.75, 5.25, 3.75, 8.25 ], "texture": "#texture" },
				"west": { "uv": [ 0, 5.25, 4.5, 8.25 ], "texture": "#texture" },
				"east": { "uv": [ 0, 5.25, 4.5, 8.25 ], "texture": "#texture" }
			}
		},
		{
			"__comment": "Box3",
			"from": [ -1, 2, 2 ],
			"to": [ 17, 14, 14 ],
			"faces": {
				"down": { "uv": [ 0, 0.75, 4.5, 3.75 ], "texture": "#texture" },
				"up": { "uv": [ 0, 0.75, 4.5, 3.75 ], "texture": "#texture" },
				"north": { "uv": [ 0, 5.25, 4.5, 8.25 ], "texture": "#texture" },
				"south": { "uv": [ 0, 5.25, 4.5, 8.25 ], "texture": "#texture" },
				"west": { "uv": [ 0.75, 5.25, 3.75, 8.25 ], "texture": "#texture" },
				"east": { "uv": [ 0.75, 5.25, 3.75, 8.25 ], "texture": "#texture" }
			}
		},
		{
			"__comment": "Box4",
			"from": [ 2, -1, 2 ],
			"to": [ 14, 17, 14 ],
			"faces": {
				"down": { "uv": [ 0.75, 0.75, 3.75, 3.75 ], "texture": "#texture" },
				"up": { "uv": [ 0.75, 0.75, 3.75, 3.75 ], "texture": "#texture" },
				"north": { "uv": [ 0.75, 4.5, 3.75, 9 ], "texture": "#texture" },
				"south": { "uv": [ 0.75, 4.5, 3.75, 9 ], "texture": "#texture" },
				"west": { "uv": [ 0.75, 4.5, 3.75, 9 ], "texture": "#texture" },
				"east": { "uv": [ 0.75, 4.5, 3.75, 9 ], "texture": "#texture" }
			}
		},
		{
			"__comment": "Box5",
			"from": [ 5, 17, 5 ],
			"to": [ 11, 18, 11 ],
			"faces": {
				"down": { "uv": [ 9.25, 1.25, 10.75, 2.75 ], "texture": "#texture" },
				"up": { "uv": [ 7.75, 1.25, 9.25, 2.75 ], "texture": "#texture" },
				"north": { "uv": [ 10.75, 2.75, 12.25, 3 ], "texture": "#texture" },
				"south": { "uv": [ 7.75, 2.75, 9.25, 3 ], "texture": "#texture" },
				"west": { "uv": [ 6.25, 2.75, 7.75, 3 ], "texture": "#texture" },
				"east": { "uv": [ 9.25, 2.75, 10.75, 3 ], "texture": "#texture" }
			}
		},
		{
			"__comment": "Box5",
			"from": [ 5, -2, 5 ],
			"to": [ 11, -1, 11 ],
			"faces": {
				"down": { "uv": [ 9.25, 1.25, 10.75, 2.75 ], "texture": "#texture" },
				"up": { "uv": [ 7.75, 1.25, 9.25, 2.75 ], "texture": "#texture" },
				"north": { "uv": [ 10.75, 2.75, 12.25, 3 ], "texture": "#texture" },
				"south": { "uv": [ 7.75, 2.75, 9.25, 3 ], "texture": "#texture" },
				"west": { "uv": [ 6.25, 2.75, 7.75, 3 ], "texture": "#texture" },
				"east": { "uv": [ 9.25, 2.75, 10.75, 3 ], "texture": "#texture" }
			}
		}
	],
	"display": {
		"thirdperson_righthand": {
			"rotation":  [ 75, 45, 0 ],
			"translation":  [ 0, 2.5, 0 ],
			"scale":  [ 0.375, 0.375, 0.375 ]
		},
		"thirdperson_lefthand": {
			"rotation":  [ 75, 45, 0 ],
			"translation":  [ 0, 2.5, 0 ],
			"scale":  [ 0.375, 0.375, 0.375 ]
		},
		"firstperson_righthand": {
			"rotation":  [ 0, 45, 0 ],
			"scale":  [ 0.4, 0.4, 0.4 ]
		},
		"firstperson_lefthand": {
			"rotation":  [ 0, 45, 0 ],
			"scale":  [ 0.4, 0.4, 0.4 ]
		},
		"gui": {
			"rotation":  [ 30, 225, 0 ],
			"scale":  [ 0.625, 0.625, 0.625 ]
		},
		"ground": {
			"translation":  [ 0, 3, 0 ],
			"scale":  [ 0.25, 0.25, 0.25 ]
		},
		"fixed": {
			"translation":  [ 0, 0, 18 ],
			"scale":  [ 2.01, 2.01, 2.01 ]
		}
	}
}