{
	"__comment": "Designed by Sixfootblue with Cubik Studio - https://cubik.studio",
	"textures": {
		"particle": "./andesite00",
		"texture": "./andesite00"
	},
	"elements": [
		{
			"__comment": "roof1",
			"from": [ -2, 13, -2 ],
			"to": [ 18, 16, 18 ],
			"faces": {
				"down": { "uv": [ 5, 0, 10, 5 ], "texture": "#texture" },
				"up": { "uv": [ 0, 0, 5, 5 ], "texture": "#texture" },
				"north": { "uv": [ 0, 6, 5, 6.75 ], "texture": "#texture" },
				"south": { "uv": [ 0, 6, 5, 6.75 ], "texture": "#texture" },
				"west": { "uv": [ 0, 6, 5, 6.75 ], "texture": "#texture" },
				"east": { "uv": [ 0, 6, 5, 6.75 ], "texture": "#texture" }
			}
		},
		{
			"__comment": "body",
			"from": [ 0, 3, 0 ],
			"to": [ 16, 13, 16 ],
			"faces": {
				"down": { "uv": [ 10.25, 2.75, 14.25, 6.75 ], "texture": "#texture" },
				"up": { "uv": [ 10.25, 2.75, 14.25, 6.75 ], "texture": "#texture" },
				"north": { "uv": [ 10.25, 0, 14.25, 2.5 ], "texture": "#texture" },
				"south": { "uv": [ 10.25, 0, 14.25, 2.5 ], "texture": "#texture" },
				"west": { "uv": [ 10.25, 0, 14.25, 2.5 ], "texture": "#texture" },
				"east": { "uv": [ 10.25, 0, 14.25, 2.5 ], "texture": "#texture" }
			}
		},
		{
			"__comment": "windowns",
			"from": [ 2, 3, -1 ],
			"to": [ 14, 13, 17 ],
			"faces": {
				"down": { "uv": [ 10.75, 2.5, 13.75, 7.25 ], "texture": "#texture" },
				"up": { "uv": [ 10.75, 2.5, 13.75, 7 ], "texture": "#texture" },
				"north": { "uv": [ 10.75, 0, 13.75, 2.5 ], "texture": "#texture" },
				"south": { "uv": [ 10.75, 0, 13.75, 2.5 ], "texture": "#texture" },
				"west": { "uv": [ 10, 0, 14.5, 2.5 ], "texture": "#texture" },
				"east": { "uv": [ 10, 0, 14.5, 2.5 ], "texture": "#texture" }
			}
		},
		{
			"__comment": "windowew",
			"from": [ -1, 3, 2 ],
			"to": [ 17, 13, 14 ],
			"faces": {
				"down": { "uv": [ 10, 3.25, 14.5, 6.25 ], "texture": "#texture" },
				"up": { "uv": [ 10, 3.25, 14.5, 6.25 ], "texture": "#texture" },
				"north": { "uv": [ 10, 0, 14.5, 2.5 ], "texture": "#texture" },
				"south": { "uv": [ 10, 0, 14.5, 2.5 ], "texture": "#texture" },
				"west": { "uv": [ 10.75, 0, 13.75, 2.5 ], "texture": "#texture" },
				"east": { "uv": [ 10.75, 0, 13.75, 2.5 ], "texture": "#texture" }
			}
		},
		{
			"__comment": "base",
			"from": [ -2, 0, -2 ],
			"to": [ 18, 3, 18 ],
			"faces": {
				"down": { "uv": [ 5, 0, 10, 5 ], "texture": "#texture" },
				"up": { "uv": [ 0, 0, 5, 5 ], "texture": "#texture" },
				"north": { "uv": [ 0, 6, 5, 6.75 ], "texture": "#texture" },
				"south": { "uv": [ 0, 6, 5, 6.75 ], "texture": "#texture" },
				"west": { "uv": [ 0, 6, 5, 6.75 ], "texture": "#texture" },
				"east": { "uv": [ 0, 6, 5, 6.75 ], "texture": "#texture" }
			}
		},
		{
			"__comment": "roof2",
			"from": [ 2, 16, 2 ],
			"to": [ 14, 18, 14 ],
			"faces": {
				"down": { "uv": [ 6, 1, 9, 4 ], "texture": "#texture" },
				"up": { "uv": [ 1, 1, 4, 4 ], "texture": "#texture" },
				"north": { "uv": [ 1, 5.5, 4, 6 ], "texture": "#texture" },
				"south": { "uv": [ 1, 5.5, 4, 6 ], "texture": "#texture" },
				"west": { "uv": [ 1, 5.5, 4, 6 ], "texture": "#texture" },
				"east": { "uv": [ 1, 5.5, 4, 6 ], "texture": "#texture" }
			}
		},
		{
			"__comment": "roof3",
			"from": [ 4, 18, 4 ],
			"to": [ 12, 20, 12 ],
			"faces": {
				"down": { "uv": [ 6.5, 1.5, 8.5, 3.5 ], "texture": "#texture" },
				"up": { "uv": [ 1.5, 1.5, 3.5, 3.5 ], "texture": "#texture" },
				"north": { "uv": [ 1.5, 5, 3.5, 5.5 ], "texture": "#texture" },
				"south": { "uv": [ 1.5, 5, 3.5, 5.5 ], "texture": "#texture" },
				"west": { "uv": [ 1.5, 5, 3.5, 5.5 ], "texture": "#texture" },
				"east": { "uv": [ 1.5, 5, 3.5, 5.5 ], "texture": "#texture" }
			}
		},
		{
			"__comment": "dotsw",
			"from": [ -1, 16, 15 ],
			"to": [ 1, 18, 17 ],
			"faces": {
				"down": { "uv": [ 0.25, 5.5, 0.75, 6 ], "texture": "#texture" },
				"up": { "uv": [ 0.25, 5.5, 0.75, 6 ], "texture": "#texture" },
				"north": { "uv": [ 0.25, 5.5, 0.75, 6 ], "texture": "#texture" },
				"south": { "uv": [ 0.25, 5.5, 0.75, 6 ], "texture": "#texture" },
				"west": { "uv": [ 0.25, 5.5, 0.75, 6 ], "texture": "#texture" },
				"east": { "uv": [ 0.25, 5.5, 0.75, 6 ], "texture": "#texture" }
			}
		},
		{
			"__comment": "dotnw",
			"from": [ -1, 16, -1 ],
			"to": [ 1, 18, 1 ],
			"faces": {
				"down": { "uv": [ 0.25, 5.5, 0.75, 6 ], "texture": "#texture" },
				"up": { "uv": [ 0.25, 5.5, 0.75, 6 ], "texture": "#texture" },
				"north": { "uv": [ 0.25, 5.5, 0.75, 6 ], "texture": "#texture" },
				"south": { "uv": [ 0.25, 5.5, 0.75, 6 ], "texture": "#texture" },
				"west": { "uv": [ 0.25, 5.5, 0.75, 6 ], "texture": "#texture" },
				"east": { "uv": [ 0.25, 5.5, 0.75, 6 ], "texture": "#texture" }
			}
		},
		{
			"__comment": "dotne",
			"from": [ 15, 16, -1 ],
			"to": [ 17, 18, 1 ],
			"faces": {
				"down": { "uv": [ 0.25, 5.5, 0.75, 6 ], "texture": "#texture" },
				"up": { "uv": [ 0.25, 5.5, 0.75, 6 ], "texture": "#texture" },
				"north": { "uv": [ 0.25, 5.5, 0.75, 6 ], "texture": "#texture" },
				"south": { "uv": [ 0.25, 5.5, 0.75, 6 ], "texture": "#texture" },
				"west": { "uv": [ 0.25, 5.5, 0.75, 6 ], "texture": "#texture" },
				"east": { "uv": [ 0.25, 5.5, 0.75, 6 ], "texture": "#texture" }
			}
		},
		{
			"__comment": "dotse",
			"from": [ 15, 16, 15 ],
			"to": [ 17, 18, 17 ],
			"faces": {
				"down": { "uv": [ 0.25, 5.5, 0.75, 6 ], "texture": "#texture" },
				"up": { "uv": [ 0.25, 5.5, 0.75, 6 ], "texture": "#texture" },
				"north": { "uv": [ 0.25, 5.5, 0.75, 6 ], "texture": "#texture" },
				"south": { "uv": [ 0.25, 5.5, 0.75, 6 ], "texture": "#texture" },
				"west": { "uv": [ 0.25, 5.5, 0.75, 6 ], "texture": "#texture" },
				"east": { "uv": [ 0.25, 5.5, 0.75, 6 ], "texture": "#texture" }
			}
		}
	],
	"display": {
		"thirdperson_righthand": {
			"rotation":  [ 75, 45, 0 ],
			"translation":  [ 0, 2.5, 0 ],
			"scale":  [ 0.375, 0.375, 0.375 ]
		},
		"thirdperson_lefthand": {
			"rotation":  [ 75, 45, 0 ],
			"translation":  [ 0, 2.5, 0 ],
			"scale":  [ 0.375, 0.375, 0.375 ]
		},
		"firstperson_righthand": {
			"rotation":  [ 0, 45, 0 ],
			"scale":  [ 0.4, 0.4, 0.4 ]
		},
		"firstperson_lefthand": {
			"rotation":  [ 0, 45, 0 ],
			"scale":  [ 0.4, 0.4, 0.4 ]
		},
		"gui": {
			"rotation":  [ 30, 225, 0 ],
			"scale":  [ 0.625, 0.625, 0.625 ]
		},
		"ground": {
			"translation":  [ 0, 3, 0 ],
			"scale":  [ 0.25, 0.25, 0.25 ]
		},
		"fixed": {
			"rotation":  [ 0, 180, 0 ],
			"translation":  [ 0, 0, 18 ],
			"scale":  [ 2.01, 2.01, 2.01 ]
		}
	}
}